順位,名前,童貞得票,非童貞得票,総得票,童貞/非童貞
1,木場真奈美,5,0.5,5.5,10
2,喜多見柚,5,1,6,5
3,安部菜々,10,2.333333333,12.33333333,4.285714286
4,赤西瑛梨華,4,1,5,4
4,財前時子,4,1,5,4
4,槙原志保,4,1,5,4
4,小松伊吹,4,1,5,4
4,小日向美穂,4,1,5,4
9,五十嵐響子,11,3,14,3.666666667
10,的場梨沙,7,2,9,3.5
11,城ヶ崎莉嘉,3.076923077,1,4.076923077,3.076923077
12,白菊ほたる,6,2,8,3
12,水本ゆかり,15,5,20,3
12,星井美希,3,1,4,3
15,神崎蘭子,8,3,11,2.666666667
16,原田美世,5,2,7,2.5
17,二宮飛鳥,11,5,16,2.2
18,塩見周子,18.57692308,9,27.57692308,2.064102564
19,及川雫,17,8.333333333,25.33333333,2.04
20,櫻井桃華,4.076923077,2,6.076923077,2.038461538
20,橘ありす,4.076923077,2,6.076923077,2.038461538
22,相馬夏美,2,1,3,2
22,白坂小梅,12,6,18,2
22,斉藤洋子,2,1,3,2
22,大沼くるみ,2,1,3,2
22,大和亜季,4,2,6,2
22,多田李衣菜,2,1,3,2
28,相葉夕美,12,7,19,1.714285714
29,渋谷凛,10,6,16,1.666666667
30,佐々木千枝,18,11,29,1.636363636
31,鷹富士茄子,13,8,21,1.625
32,大槻唯,77.07692308,48.33333333,125.4102564,1.59469496
33,西川保奈美,3,2,5,1.5
33,和久井留美,3,2,5,1.5
35,十時愛梨,55,38,93,1.447368421
36,柊志乃,13,9,22,1.444444444
37,新田美波,134.5769231,98.33333333,232.9102564,1.368578879
38,城ヶ崎美嘉,24.07692308,18,42.07692308,1.337606838
39,輿水幸子,4,3,7,1.333333333
39,北条加蓮,4,3,7,1.333333333
41,乙倉悠貴,13,10,23,1.3
42,速水奏,31,24,55,1.291666667
43,緒方智絵里,10,8,18,1.25
43,佐久間まゆ,15,12,27,1.25
45,松本沙理奈,25,21,46,1.19047619
46,鷺沢文香,76.07692308,68.33333333,144.4102564,1.113320826
47,本田未央,19.07692308,17.5,36.57692308,1.09010989
48,三船美優,99.5,94.66666667,194.1666667,1.051056338
49,龍崎薫,1,1,2,1
49,高峯のあ,1,1,2,1
49,赤城みりあ,2,2,4,1
49,諸星きらり,1,1,2,1
49,西園寺琴歌,1,1,2,1
49,藤本里奈,1,1,2,1
49,藤原肇,1,1,2,1
49,荒木比奈,2,2,4,1
49,相川千夏,1,1,2,1
49,浜川愛結奈,1,1,2,1
49,水木聖來,1,1,2,1
49,松尾千鶴,1,1,2,1
49,日下部若葉,1,1,2,1
49,工藤忍,1,1,2,1
49,双葉杏,1,1,2,1
49,佐城雪美,1,1,2,1
49,三浦あずさ,1,1,2,1
49,ナターリア,3,3,6,1
49,アナスタシア,3,3,6,1
68,前川みく,21.07692308,22.5,43.57692308,0.936752137
69,堀裕子,3,3.333333333,6.333333333,0.9
69,島村卯月,9,10,19,0.9
69,一ノ瀬志希,27,30,57,0.9
72,姫川友紀,6.076923077,7,13.07692308,0.868131868
73,向井拓海,6,7,13,0.857142857
74,川島瑞樹,4,5,9,0.8
74,三村かな子,8,10,18,0.8
76,黒川千秋,3,4,7,0.75
76,片桐早苗,9,12,21,0.75
78,高橋礼子,8,11,19,0.727272727
79,高森藍子,5,7,12,0.714285714
80,兵藤レナ,7,10,17,0.7
81,高垣楓,13,19,32,0.684210526
82,八神マキノ,2,3,5,0.666666667
83,佐藤心,14.07692308,21.33333333,35.41025641,0.659855769
84,海老原菜帆,9,14,23,0.642857143
84,小早川紗枝,4.5,7,11.5,0.642857143
86,神谷奈緒,6,10,16,0.6
87,篠原礼,5,8.5,13.5,0.588235294
88,四条貴音,4,7.5,11.5,0.533333333
89,若林智香,1,2,3,0.5
89,福山舞,1,2,3,0.5
89,木村夏樹,1,2,3,0.5
89,持田亜里沙,1,2,3,0.5
89,宮本フレデリカ,1,2,3,0.5
94,結城晴,2.076923077,5,7.076923077,0.415384615
95,依田芳乃,2,5,7,0.4
95,今井加奈,1,2.5,3.5,0.4
97,大石泉,1,7,8,0.142857143
98,高槻やよい,0,0,0,0
98,首藤葵,0,0,0,0
98,難波笑美,0,1,1,0
98,関裕美,0,0,0,0
98,間中美里,0,0,0,0
98,長富蓮実,0,0,0,0
98,野々村そら,0,0,0,0
98,道明寺歌鈴,0,1,1,0
98,遊佐こずえ,4,0,4,0
98,西島櫂,0,1,1,0
98,衛藤美紗希,0,0,0,0
98,藤居朋,0,1,1,0
98,萩原雪歩,0,0,0,0
98,菊地真,2,0,2,0
98,脇山珠美,0,1,1,0
98,綾瀬穂乃香,0,0,0,0
98,秋月律子,0,1,1,0
98,矢口美羽,0,0,0,0
98,真鍋いつき,0,1,1,0
98,相原雪乃,0,1,1,0
98,瀬名詩織,0,0,0,0
98,涼宮星花,0,0,0,0
98,浜口あやめ,2,0,2,0
98,浅野風香,0,1,1,0
98,浅利七海,1,0,1,0
98,沢田麻理菜,0,3,3,0
98,池袋晶葉,0,0,0,0
98,江上椿,1,0,1,0
98,水野翠,1,0,1,0
98,水瀬伊織,0,0,0,0
98,氏家むつみ,0,0,0,0
98,横山千佳,0,0,0,0
98,榊原里美,1,0,1,0
98,楊菲菲,0,1,1,0
98,椎名法子,1,0,1,0
98,森久保乃々,0,1,1,0
98,棟方愛海,0,1,1,0
98,梅木音葉,1,0,1,0
98,桐野アヤ,0,0,0,0
98,桐生つかさ,0,0,0,0
98,桃井あずき,3,0,3,0
98,栗原ネネ,0,2,2,0
98,柳瀬美由紀,0,0,0,0
98,柳清良,3,0,3,0
98,松永涼,0,1,1,0
98,松山久美子,0,0,0,0
98,松原早耶,0,0,0,0
98,東郷あい,2,0,2,0
98,村松さくら,0,0,0,0
98,村上巴,0,0,0,0
98,杉坂海,0,1,1,0
98,望月聖,2,0,2,0
98,服部瞳子,0,0,0,0
98,有浦柑奈,2,0,2,0
98,月宮雅,0,0,0,0
98,星輝子,0,0,0,0
98,早坂美玲,2,0,2,0
98,日野茜,0,0,0,0
98,我那覇響,1,0,1,0
98,成宮由愛,1,0,1,0
98,愛野渚,0,0,0,0
98,市原仁奈,0,1,1,0
98,岸部彩華,0,0,0,0
98,岡崎泰葉,0,1,1,0
98,小関麗奈,1,0,1,0
98,小室千奈美,0,1,1,0
98,安斎都,0,0,0,0
98,如月千早,1,0,1,0
98,奥山沙織,0,0,0,0
98,太田優,0,0,0,0
98,天海春香,1,0,1,0
98,大西由里子,0,0,0,0
98,大原みちる,0,0,0,0
98,土屋亜子,1,0,1,0
98,喜多日菜子,1,0,1,0
98,吉岡沙紀,0,0,0,0
98,古賀小春,0,0,0,0
98,古澤頼子,0,0,0,0
98,双海真美,0,0,0,0
98,双海亜美,0,0,0,0
98,南条光,0,1,1,0
98,北川真尋,0,0,0,0
98,冴島清美,2,0,2,0
98,伊集院惠,0,0,0,0
98,仙崎恵磨,0,1,1,0
98,井村雪菜,0,0,0,0
98,丹羽仁美,0,0,0,0
98,中野有香,1,0,1,0
98,並木芽衣子,0,0,0,0
98,上田鈴帆,0,0,0,0
98,上条春菜,1,0,1,0
98,三好紗南,0,0,0,0
98,ルーキートレーナー,1,0,1,0
98,ライラ,0,0,0,0
98,メアリー・コクラン,0,0,0,0
98,マスタートレーナー,0,0,0,0
98,ベテラントレーナー,0,0,0,0
98,ヘレン,2,0,2,0
98,トレーナー,0,0,0,0
98,ケイト,0,0,0,0
98,クラリス,0,0,0,0
98,キャシー・グラハム,0,0,0,0
98,イヴ・サンタクロース,0,0,0,0